编号,用户名,密码,姓名,性别,出生日期,身份证号,手机号码
1,k0keoyoDm,411ee9c97bb209ae6e24ae25fdf8e1db,宿淼淼,女,19880809,874370198808094781,79822997549
2,lixiuzhen,51852d5a21bd3b1e44060138601030ec,熊宏大,男,19990815,239965199908155176,75269849712
3,NuuuNyakim,1fbce025e59caaccb4778675cf83cc15,沈修雅,男,19810628,19506219810628935X,75330507768
4,yangxiulan,81a9427fc159bf84678029a31af4c59a,费伟,男,19830801,305833198308011471,75244508302
5,wangguifangHexman,51a34524fc836081bf4df99630159736,苗博雅,男,19970525,463645199705255834,73987728298
6,zhangwen0day,0b6d99434289e880da09aed87a97b227,连颁,男,19960131,924155199601314315,77888164510
7,BendawangOrleven,b08eedcb6028bdc3595069452c718135,空相康时,女,20181018,390648201810185346,79030114068
8,leanoteFirmy,16894eff04a3d8ec54438828d31499d7,古琩,女,19830713,800619198307131784,75204571439
9,backcover7,55797147610c705c2dd131701489cf27,公双玉,男,20090616,77704520090616433X,79516871949
10,wangling,15262d0d4a9dd33ffe89b043d2ccbdab,俞雅阳,男,19830628,080708198306287615,78499271029
11,chenjinghexlt,9b095ba490f291b015d48ec1a768fcd4,阙沅,女,20150611,044065201506116765,78586414238
12,PolarisLab,74bf09137822f1d0214b5d18c7aa367a,后彦露,男,20141018,401805201410189857,75829931310
13,LittenFisheraustfishsouthseast,5ca60531e5c14bc8c4dc52a24a60f796,钭野云,男,20180403,05638920180403761X,79322921192
14,yanglinWfzsec,8d21eab0a76c87009a52b22e4c7453e2,茹志业,女,19840411,246486198404113625,73933102725
15,ch1ng,12521b0a3e84933fa17b8359f0faf2c7,米澜,男,20170222,657702201702224877,78723971697
16,bertramc0aKarmA,08d56aad4908a92c16cf526f00e6f9f3,景幻珊,女,19780727,484920197807276948,79537713706
17,J0k3rChu,888e0d8c0f771cb73c759b9e9019f022,师哲茂,男,19900112,111798199001126715,77324703300
18,cal1zeroyu,fccde7439b03dd1b0cfe062feee3763b,柏清妍,男,20130608,456518201306082450,77878225958
19,lucifaer,a1ca5a3142f13400f33ea833e284429f,戌贞,女,20020327,470043200203270865,77538760946
20,lc4tVirtua1,5af20be03532297bd226f07f1e10a93b,明岚,女,19800120,331753198001200421,74030554029
21,liuhong,1297c39b83ce19d39c4a8f6ca8abd96b,叔促秀英,男,20180903,57337020180903875X,73920317234
22,r1dd1er,4dd1b09e2ef67aea6e91651939f1a83a,吕永嘉,男,19710221,415374197102215736,75594348864
23,misiteanquantuandui,142c12ac1f8732078f3cad5c5e40af45,付里俊人,男,19840407,05547419840407701X,78213744653
24,machao5alt,771d49b85ba7c9959d1bdb64c907d4d9,贡淑惠,男,19960207,172122199602078175,78773058379
25,wangjunYunen,79b9a6883decc06c949f637dc6cbce54,禄寒珊,男,20181016,033814201810164236,79668594338
26,PolarisLablixia,26f36306b562a0fb7a204959fc865bc0,黄竹悦,男,19920909,011563199209099651,73887346180
27,K0shl,f41803ce49cfe93858d9280fb7295fa6,史康时,男,19840327,161618198403274670,77506758460
28,liukai,31fb74a88c2e7e91fefb6a0fab59451e,鱼阳云,女,20150615,252808201506153981,74915496527
29,Balis0ngleixiao,ac016bb8182d4ebb3495286a22023692,慕可儿,女,20200621,454160202006210864,77234229808
30,fuhei,cf9c852b69a0228d3567781de7a59cb9,庞旁,男,19881022,49034319881022705X,73164153864
31,zhaoxiuying,92e062217f148e968dd4557d1065d088,湛秦澈,女,20110204,966741201102041221,79501811369
32,blogs,61ab3a60b12a050b451213c215fce489,左师虚,男,20100725,118629201007254177,78871463290
33,bywalks,e4943fcdb7cb90d2d69d8aa3c31cbc27,章仇代云,男,20060408,85953220060408303X,77836559510
34,retme7DiShen,bd5c2bb49a457e21079e1e97ada6e740,姚才哲,女,19820414,64606419820414822X,77723169655
35,adm1nzhangshuai,d0cd2693b3506677e4c55e91d6365bff,居宾实,男,20060121,375075200601218853,75696687564
36,ManassehZhou,453e41d218e071ccfb2d1c99ce23906a,贾俊才,男,20180706,312165201807060872,73703940581
37,JoyChou,a8a832f240be0e97093f7309440b45db,莘良翰,男,19770314,453733197703143539,75016789101
38,xiaocaowobokeExOrigin,38d3d2ec34719b27dce82d50cb72148a,钱梓露,男,20081212,146834200812125512,73381203235
39,inforetme7DiShen,0a10e3430fa11e67c2b7f076f22688e2,蔚暖梦,男,19870215,40667219870215193X,74788587159
40,c0ny1,348e0e5484185c121c24b3334dc6a134,蓟慧美,女,19920507,229688199205079169,78030234341
41,Dik1s,374f6e8bd9b1dbd85c33b7554b3c6f02,甘先兰梦,男,19930617,627191199306178055,74537232322
42,peterpan,2bdd19fa639b2500b61671e7952d2d8e,逢如馨,女,20201109,885269202011093061,78790793103
43,wangdandaybr4ak,95fb95ce968e2f90e8083a7b211ba3c1,蓟馗,男,20201009,718320202010098817,77321665585
44,seaiiblog,71c89d06d3d614258c6ff6260f4ac05b,吉胡瓶,男,19750619,529483197506193933,77387124055
45,PoacherXishir,940e739d1c6cec6686414d363e3d2dc9,屠岸慧语,女,19780216,781430197802160421,74570542083
46,MediciYan,f7a95cb16423f6dcbc50849ce07fd98e,丘陵暖怡,女,20020219,831383200202193664,73797436654
47,MrRdarkeyer,bd6a5dc2c125d2ec2e76ae5a9dfbaea6,古冶彦珺,男,19970213,303929199702137375,79975875407
48,lixiurong,59e635559dd90802cf28a20eb5b86d36,钱三诗,女,19860209,977356198602097783,79952528650
49,mang0,45bb5afeb98bcb1da935c8f0a502b8ee,叶立轩,女,20171118,525370201711180240,77383860581
50,xuwei,4cffd5bb6676378f6ed25f7a203889fc,尹星,男,19860625,872364198606253159,77802502213
51,lishuyingliyun,97db1846570837fce6ff62a408f1c26a,郏臻晰,男,19850504,520159198505044979,74630140299
52,lifengioin,6ed61d4b80bb0f81937b32418e98adca,信平云,女,20110920,930935201109208242,74009997211
53,MrRdarkeyerliuqiang,91fef459051a8f5f1ed294729f4a7558,顾德佑,男,19830427,663159198304279337,78384687691
54,liuqiang,27c98c32b6acd261fd78c67dd1b8d7c6,公阅乐逸,女,20040208,241702200402085266,75309215845
55,zhaoxiuyingdevelopment,c4481c2122009f8c6687af63ba5136a2,相安和,女,19721012,281310197210122123,75138605754
56,Jarvis,8d96f10d2ee28abfeaa2a3a9239dab2b,公伯惜,男,19840228,07943919840228905X,78841747986
57,Sheldoncodemonster,5e14492a5a11ee060cdd10f855543de3,游翠柔,女,20170905,667495201709052229,73096922780
58,Snowming04,81f2e5d4f9d2b39cd9f77b4dba94228e,公成弘壮,女,19820220,715310198202206160,75053261121
59,gouchenanquanshiyanshiImagemlt,9d62ba09864f5fa59d6a94ce3a0c0856,公施文斌,男,20141005,175693201410056938,77499233331
60,lc4t,614ac7c72e24ff3f38f9f3fc7bdb85ad,袁自明,女,20150503,10262320150503354X,75776525269
61,vancirvirtua1,2eba75f406851b08bc6f3107a6076c5a,南郭霆,男,19800728,733961198007287211,79875306307
62,northityEvi1cg,39b5177e82858ecc5661a2077b58edc3,邰飞柏,女,20120209,216282201202093825,78532117935
63,anyuzer0i3,3f88ab90f5a1ef9bee8eb68a9e8a0da0,萧俊民,男,20170825,87542020170825807X,78850258771
64,wanglijuan,4f81a88c0c53555e23f7c06f9dab372a,叔促苏微,女,19990305,72100819990305212X,75540029512
65,WisdomTreewangjianping,1a7b10fbf932dd4cf2f9fc29161ff788,刘芬,男,20200717,418752202007175334,78816132475
66,lichaojgeek,831c9356ab652f35688f0448accabf93,桂瑞,男,20070612,562747200706126117,77119944628
67,lichunmei,8ae17e8babaf46f56b8177718d20895b,东闾文霞,男,19950729,550285199507297070,73961786080
68,Micro8,f1bec0c309b22c71f2899ef0dfdfb346,周铿,女,20070602,751984200706020088,74087876708
69,MuuuNya,e0dd9ec30ca0e07b397f24f4ee06bc45,卢秀珊,女,19960924,954519199609240121,78195550649
70,Decadecom,90fc376b3bd859802e624cb0a01f3e3b,扶蕊,男,20110111,761596201101111278,73243319661
71,itxumin,ef09d73fca10398e193c89315fcdf71f,居彭薄,女,20200528,797124202005282968,77553831333
72,zhoujingdarkwing,e45ff362b4785b9f143e498be6cf4d3c,尹含文,男,20030606,056657200306060156,74518576217
73,zhouminDecade,23555df34f72d48e167ac99e10076a06,聂高洁,女,19850214,302084198502143367,73984138643
74,zhangxiulan,9a734edddfc376e9b0fc2516a8547b6e,金魁,女,19990526,715310199905262446,75986232822
75,yangjuan,9461f26a1c73e79ef5827634203956c4,冀奇玮,女,19731125,290269197311252986,78630504057
76,LANVNAL,2207f8e03c8c639abfede5ae33bf8701,后沙雨,男,19960410,418591199604106619,75921704020
77,sh1yan,c8837b23ff8aaa8a2dde915473ce0991,戴语燕,女,19740721,295017197407216485,78318737697
78,zhouyong,c44a471bd78cc6c2fea32b9fe028d30a,乘马缜,男,19791124,144944197911244455,78440320884
79,Singll,dde80c4c3c227ca0411ade3dfe13c4be,古里伟毅,男,20001222,664262200012229631,73108523322
80,cws6,0467bde2f3c90a947963fd97e05b9e91,祖宏逸,女,19960908,706094199609081261,75321570527
81,blog,ea231b135bb07cef6d53d3169999329f,汲雅昶,女,20140708,439371201407080761,79609575538
82,XiaoTouMingyo,1dcd3c1ad23a29302e4346ade2b1da75,禹博厚,男,19910216,405238199102162036,76621197724
83,Seebug,c03ced224cca89d49c9a90c3d8e790f4,文呤,男,19820202,646907198202022377,79972976618
84,zhangyun,6581918bb2bce427f28ff970ad1ca801,贺凌蝶,女,20150504,675749201505042422,78358367302
85,DarkRayRvn0xsy,8dc816ceb5ad7417d10b425561115b51,融元明,女,20041003,942880200410030063,78047800109
86,zeddyu,ab7d11ba0679b4cdc27962866824ed57,国康安,女,20000322,545590200003221166,78694411435
87,Orlevenpostgresql,fa61f827f0f5373133b11cc20d835a79,宫成弘,女,19771024,763225197710246523,79333019693
88,verazuohuawei,8de0645d42cad6e70d7224be98f8c058,步嘉平,女,20021211,40486320021211686X,75055479554
89,hiourlifeevi1cg,533752c20a1fb32142349e092d7c0b24,苏阿柒,女,19940422,537140199404227744,75715143000
90,Feei,db08c48eb34435428cc21a8c5310a89c,松蕾,女,20070518,949760200705188429,79027057883
91,lixiuying,42eed56d5b7d23bd21f075a36a3d8248,暴大梅,男,20061118,897209200611184870,79827853512
92,Orange,7173e268f6809f243511edf090f6a636,时兴昌,女,19870520,218356198705200522,77591505488
93,chenyingpub,71fd3b37beccc04991dee095e14d8fa7,仰雪松,女,20050528,672198200505289780,75208555226
94,ChaMd5yangling,b9c93fbdfd2a30504e05d3b0b32307da,怀访卉,女,19730228,963318197302284765,78799773655
95,Sakuraa7um,510b7d6a542dc0c68449f03ef5540251,甘芳洲,女,19990401,343340199904015360,76728965163
96,MITREATTCKzhongwenzhanzhangzhiqiang,28e7c4b92ebfc7b46348dca97c0bc367,辛俊风,女,20040420,528162200404209389,73988044124
97,blogsjianshu,c3a1f142f5483b870d6b01545898f4a5,权梓云,男,19981225,170804199812254775,73652002182
98,Vicen,c7b764a7acb958c4ccf79bdd828cbd15,尚智勇,女,19941129,099837199411298940,77222514497
99,jianshu,00f94397e3ba9aa6764e7e8c13b97d1e,何成弘,女,20100523,426754201005234220,74061693135
100,pav1zhouli,a3c3fbbb64181ef50fd85a5728deaf33,公山新语,男,20080210,409425200802101670,75748542658