编号,用户名,姓名,性别,出生日期,身份证号,手机号码
80,n0tr00t,e欣跃,男,19770407,56422120070629287X,48885786841
97,\u1geLnyassssPolarisLab,空慧瑶,男,19890320,709846198903205959,79040419403
141,zhangq%n,甘俊I,男,20200903,686824202009036223,77560194005
336,huntingday,丁若紫薇,s,19840926,622121202001224154,73907892362
375,zsxsoftzhangxiuhua,逯2学,男,19980527,931647199805271552,58591329736
423,Tracyo0xmuhe,冯慧心,男,19790530,660833197005023371,78814992597
467,blog,訾俊健,男,20070705,307820200707057047,73978399187
490,M`saki,苏柯洁,q,20070120,607956200701209719,74505263032
524,comubf30f18c872c,崎邱英韶,男,19891104,675972198911042866,73358531329
556,zh.ngyun,i石芫华,男,19740614,273738200008213014,75571757718
566,liyuyingpirogue,訾i波,男,20200102,723077202001025439,73134414760
631,zhang+ingmaoer,公乘星4,女,19930321,779842199303219646,77548379479
655,Dik1schenxiula.,陈夏旋,男,19730429,62795619730429076X,75691379778
686,zsxsoft,公保姳,女,19710304,209708197103048581,83307814764
735,Auxy,苗l,男,20171119,272560201711192018,20861485598
796,zhangjuanSafe6,公玉漾漾,4,19961215,518039199612150565,78145422899
915,lishulanwupco,y腾,M,20171103,598479201711033388,79170418946
1020,limingr1dd1er,q蒙雨,女,19940415,158097199404156349,74609685471
1086,wanghuachengan`,喻彦珺,男,19860909,011246198609099354,74083318908
1439,yulegeyukingkk,公乘沛,f,20140414,806274199105252038,73460018910
1446,naishayeyingxinkong,郗K,7,20110522,189200201105222813,78514638367
1511,lilin?,马菀菀,男,20101104,325560201011041881,73406528064
1527,[schina,印彦杉,男,19850418,034817198504189838,78300784367
1587,yangjingsingll,公伯嘉茂,女,20080916,455763201401105229,77768703776
1588,Netfairyheavensec,申倚云,t,20181216,009661201812169734,79649862706
1648,Snowming04nuptzj,公阅I荷,女,20010829,167478199208198129,74704021708
1677,Xishir,仲孙华晖,女,20150815,078610200709217971,74901037458
1703,0xmu*e,喻慕涵,V,19990115,561837202007119318,75826277127
1706,Se7e^liuhua,侯苓,女,19990801,908440199908013463,97126269579
1816,SycloverSecurityT$am,卞芸茗,j,20000124,436439200001240479,73719124169
1824,W?ngYihang,左丘司辰,男,19770202,802015197501278711,78700611289
1872,skysec,祖小凡,女,20030722,624981200307226551,78410434542
1946,ademaanquanr3kapig,孟碧凡,N,19721018,431362197210187335,73794561501
2067,wangxiuying0x80,双玲娇,q,19910209,375379199102095218,78970461771
2130,zhangfang,公伯宏朗,男,20050209,003223200502098779,34326108799
2248,wangguihua0akarma,辛寒L,女,19881028,841778198810288221,54478885150
2308,aclioneijonson,仆固寄柔,男,20100202,662761198005213438,78455482692
2317,bit4woocjk123,乘马鹏天,男,20040222,441736200402226613,35362818851
2338,n0b0dyCNbl~g,凡闾芸y,女,19780721,984661197807219950,78681166933
2410,developer,东闾凌9,T,19941226,319266199412266575,77751071313
2587,chaoweilanmaoNoneGirlIuh,孙鹏鲸,男,20190119,236634201901193539,80900486769
2674,zhangnalz1y,柏妍茜,8,19930903,249193199309034157,77604476473
2737,re?,公仪合,女,19820913,959582198209138325,77171527182
2820,JoyChou93lizhiqiang,公S苏娟,d,19930929,438044199309296941,79128432975
2951,x.utsecdr0opDaybr4ak,窦公9禧,男,20080616,59093720080616493X,77350829702
3015,scanfsecvirusdefender,公孙烨华,男,19841115,316417201105116121,73554747155
3134,Timezhangxue,终晓楠,6,20051126,556870198008202769,78100211050
3364,libinVsane,公石怀思,男,19801009,896624199210300630,85329398259
3495,#mlsec,邱亨,男,20020612,023456200609074553,44488835723
3577,"eter,alsakurardp",公孟苏幻,女,19740830,350014197408305781,78308911711
3596,zhangchaoVenenof7Veneno,蓬丞,男,20141115,692972201411152733,78325381644
3606,winrcoil,游星渊,男,20060729,223811200607299933,75140147516
3630,tr3jerxinanzhilu,公息博丽,d,19970516,799008199705165143,73595713291
3690,s;vermitah,龚濯,女,19701127,94615919701127305X,78441439121
3765,icuzhaojun,京城丝微,e,20120820,004425201208204955,73374619161
3874,wangkaiwangfenglan,印涵润,男,19780407,03861819780407754X,74749865961
3962,ym#seclibin,张亦瑶,女,19730605,25359919730605167X,76716459681
4033,liyumeinanming,仆固瀛,7,20081203,413645200812034814,75692094366
4120,Orlevenlilei,蒲绣,6,19710605,514172198105088289,77229204374
4122,purple{ocHone,岑夏8,男,20100622,127856201006224516,75085296418
4212,SycloverSecurityTeamxueming,公施安易,男,19740613,796205197406134941,75331160262
4306,ohlingefirmianay,公0枝,男,19830606,46063419830606265X,74986159389
4352,cloudyuzhoujie,蒙开s,男,20060509,000138200605097054,79868555898
4365,ThunderJiemengsec,融羽,女,20100912,424639199306244667,78441418137
4378,virusdefenderwangyu,东p沈雅,D,19900117,99397119900117967X,78010769303
4393,7o8v,夏景山,女,19780827,72287019780827542X,43678010902
4638,se7ensecmrxn,f忆寒,女,19810430,346119198104302623,36368533453
4677,Aryb1nlightrains,公休浩思,A,19800813,144460198008134768,77899141885
4829,Kyriosshe[10ck,储多思,男,19840811,555832198408118188,73625774144
4929,liufeijiangsir,漕和,男,19970417,382006199704172532,75547827523
4932,developersliuhuan,雍笑旋,女,20200314,760603202003148962,74936548945
4990,Auxyanquanxiaofeixia,公保梦之,女,19910412,493062199104121434,73261770972
5101,MagicB.ueCHdevice,乜琼英,男,20160629,239982201606296835,74694776630
5119,Jr:nmt1h2ua,窦公u雪,c,19800818,726436201505016558,73112401563
5166,blainp@hxbz,林芊,M,20010616,75600920010616404X,73555656420
5186,liudantk,伶舟雪晴,E,19811116,202643198111165675,77200410329
5248,d4m~tsnotes,羿成美,女,19771009,975513197710098351,74817687397
5328,1phanzhaomin,丁诗文,o,20041102,038798200411020413,79889523287
5335,yanghongLcy,s方强,男,19700207,122428197002074679,73440263326
5400,li-aofarbox,项翰池,7,19980911,947701199809111760,78029619010
5435,zhangliliyangjua;,养飞光,N,19860523,931272198605238416,59179594191
5731,51ctoAdog,崔盈,女,20011020,825661200110209521,77349178461
5755,museljhf1s/,邹姝好,女,19760201,416884200107272516,75137069764
5762,chenhui3as0n,东方德容,h,19880320,69373019880320145X,73466745303
5832,*angxiumeip0desta,卜依心,x,20160305,620778201603053174,73666641343
5848,evi1cgYunen,国双文,女,20171207,497278201712079840,42789280166
5880,WisdomTreecomuc531954533ea,j文佳思,女,20000306,979123200003060642,76634373513
6046,altmanret2p4nda,冷冰夏,女,19870620,487377201506064142,73242928903
6134,AkkumanSingll,M姑,男,19781222,132803200511012776,79376905995
6174,comsimeonliumin,公保建义,男,19931126,801772199311266011,78797626506
6196,lileiDik1s,卜6,男,20150215,498991201502153813,79084771461
6219,devserverpzhxbz,晃洋然,A,19990130,387652199901304512,79584810149
6389,liph0rse,屈怀o,女,20050411,450816200504117136,78983155437
6443,ricterzmrxn,公U晨,女,19870828,421663198708288761,75219281520
6622,phpinfoTimeSHU,T娘,女,19710510,215057197105102729,75615128937
6818,zhangliIL|I,孟耘,女,20040713,863441200407130214,62611698893
6857,fuheitop,弘和韵,男,20040905,558174201909194931,78336899253
6950,wulidecadealtman,元亓沛雯,男,19770325,073507199712099689,79151864043
7012,Yasengzhangmin,施玉山,男,19720320,137802200603112756,74941534223
7079,bertramcwanghui,晏米莱,w,19760205,700072197602053281,74889161741
7130,Lovegoodyanglong,钭x,男,20010818,338014200108182853,74521021075
7213,managerliuchao,公荆宪,B,19861201,534530198612010445,78282995556
7265,zhangxiawuhan005,赵彦红,女,20050613,072658200506138276,79869409889
7277,xunmengzhangmin,龙安易,女,19931116,657860199311161775,73431616103
7303,wangdanlegend,怀J,女,19960606,305516199606067862,62713695296
7354,V4kst1zabcdefghijklmnopqrst,崎邱Y青,女,19740403,571598197404033957,98434895354
7395,XiaoTouMingyoXman,敖t,女,20200622,71349920200622358X,73335593926
7408,omaebicZeroKeeper,P朱彤蕊,女,20200528,807048202005284843,78264715073
7483,n0b0dywa/gjie,空相音韵,女,20051125,680066200511250889,73634765338
7516,nMask}irinsay,卜睿达,男,20201029,502314202010290858,27241365867
7547,#ihongxialiguihua,甘彨,男,19920721,985660199612279754,73131098590
7586,zhangguirongwangjing,东陵诗双,1,19720411,643933197204111459,75845747245
7639,chenxiaobingzhouli,公乘翰藻,女,19850321,640634198503217351,79147645320
7693,Evi1cgrama291041610,时嘉宝,男,19701117,683443197011179046,58796631546
7700,tonghuacyru1s,7澎,女,20041208,017496200412082284,78889273661
7726,purplerocliupeng,麴6宁,男,19931103,387046199311036230,78649598157
7770,zhanghuapupiles,储O萍,男,20031212,523665199811051319,74664418762
7818,Marbluesqlsec,d圣杰,男,19760129,879533201901299472,78268357451
7856,marsKirinsa],伏寒,男,19800822,993587198008225979,77353347293
7859,adm1nchengu*ying,彭元龙,s,19800225,712145199308129512,75747992889
7908,LoidAtum,厍固,男,20201011,752053202010119414,23417781628
7915,tasfalorexxar,工师弘大,Z,19820619,081053201004275060,76782271248
7919,zhangzhanglong,贡乐荷,女,19841116,397795198411160127,43534484919
7985,yanghongApeng7364,邹德水,女,19761012,385679197610120976,79076925795
8006,lidanwebadmin,穆昱瑛,男,19800503,471300199106039647,78327742472
8031,lixiulanTasf^,葛伟娜,男,19920912,640222199209123070,79546137553
8039,heikejiezer0yu,戴紫薇,女,19780317,478862197803171559,75226464144
8070,hookgloxecprocessor,Z沙雨,男,20110609,235409201106099414,33361300628
8160,lostwolfNe0,赵z,X,20000119,978037200001191016,77650846304
8288,anquanke,訾紫薇,b,20071113,909843200711131826,79346561930
8337,qvqPanda,邱宁Q,男,20151110,177619201511103180,81268032327
8467,jiheme7elln0b0dyCN,东陵坚l,男,19900626,429063199006262837,75050433130
8537,liuxiuyingyangchao,姚山彤,女,20140510,70051620140510636X,24758267404
8642,Hecbiit,胡星文,i,20030119,710877200301199924,79972686347
8647,zhangguizhikangel,关其清忧,男,20040527,658271200405273228,78517501624
8725,sher10ckzhanghong,桂俊爽,6,20030331,450023200303310949,75625152089
8795,lixiangtopwww,公o欣畅,男,20141225,887722201412250434,78033662975
8887,smbgh0st,丘陵思琪,男,20180120,338484201802011435,80917489528
8892,comviewlibo,公祖明辉,男,19890308,804200198903080228,78425236884
8911,liguilananquanquan,袁芮静,男,19970606,621043199706061620,75095333202
8937,wangkaichenhao,后3香,女,19800607,931514198006076083,73924597513
9009,de1tahackeryunen,空段,女,20140921,619713200303263325,78360175778
9038,getshelldr0opDaybr4ak,弓羽洁,女,20010222,550772200102221140,57458875635
9148,wangbingorleven,逯玉环,女,19881020,833819198810208012,73385264044
9538,klausmeizijiu,麴亦丝,女,19740114,944984197401140082,79406910297
9605,Ch^Bugshasibite,权永贞,男,19810924,52310919810924613X,26442771562
9612,k0keoyod4rksec,蒯冰之,女,19930723,063178199307236568,78659698523
9618,lilin:kangel,阙承宣,男,19960214,524549199602142028,78663584028
9628,bigtangwangyu,倪S,女,20181226,411287201812269863,21865854713
9644,hu&ngxiuyingpasser6y,公冶婷美,男,19990708,690051199907081478,77665174841
9745,weilaverakirinsay,r门孤丹,男,20010325,179419200103254029,75918102647
9759,liyongBurningCod!s,邱昊穹,E,19781023,568809197810235848,61920130013
9760,yangyongyanghong,居慧8,女,19850130,143759198501309452,79088655480
9840,xdxdpirogu%,京城和歌,m,19750411,974552197504118534,73294702772
9841,le4fXman,司昊昊,女,19750703,920092197507037120,75889781010
9846,WinMinzhaoli,公仲暖梦,Y,20180104,739950199811063463,77549788589
9882,liulijuan,花瑶琴,男,20030103,800864200301038725,41458027628
9908,gxgoodboywukong,何紫文,男,20130617,880484201306174417,74993857798
9910,loveiriskivy,漕正雅,男,20000907,961529200009078076,39142085077
9916,Auxy233plz227,广曾P,女,19771008,431784198810187285,75005249839
9955,notwo1fshasibite,范煜,女,19970127,842819199701272651,75695169420
